{"cameraMode":{"drawMode":0,"name":"Shaded","section":"Shading Mode"},"sceneLighting":true,"audioPlay":false,"sceneViewState":{"m_AlwaysRefresh":false,"showFog":true,"showSkybox":true,"showFlares":true,"showImageEffects":true,"showParticleSystems":true,"showVisualEffectGraphs":true,"m_FxEnabled":true},"in2DMode":false,"pivot":{"x":-11.216428756713868,"y":33.848209381103519,"z":47.5130615234375},"rotation":{"x":-0.09316851198673248,"y":0.009554729796946049,"z":-0.000895748904440552,"w":-0.9956085681915283},"size":20.56146812438965,"orthographic":false}